,markers,direction
1710850894.454497,270.0,270.0
1710850894.456299,4.0,270.0
1710850894.465089,1.0,270.0
1710850894.48637,1.0,270.0
1710850894.502972,1.0,270.0
1710850894.519658,1.0,270.0
1710850894.536366,1.0,270.0
1710850894.553031,1.0,270.0
1710850894.5699441,1.0,270.0
1710850894.586715,1.0,270.0
1710850894.603371,1.0,270.0
1710850894.6202738,1.0,270.0
1710850894.6366808,1.0,270.0
1710850894.6535769,1.0,270.0
1710850894.670172,1.0,270.0
1710850894.687041,1.0,270.0
1710850894.704034,1.0,270.0
1710850894.72017,1.0,270.0
1710850894.737016,1.0,270.0
1710850894.753493,1.0,270.0
1710850894.770388,1.0,270.0
1710850894.787006,1.0,270.0
1710850894.803783,1.0,270.0
1710850894.820478,1.0,270.0
1710850894.8372428,1.0,270.0
1710850894.853506,1.0,270.0
1710850894.870317,1.0,270.0
1710850894.8867671,1.0,270.0
1710850894.90379,1.0,270.0
1710850894.9202712,1.0,270.0
1710850894.9369678,1.0,270.0
1710850894.953826,1.0,270.0
1710850894.970332,1.0,270.0
1710850894.986851,1.0,270.0
1710850895.003765,1.0,270.0
1710850895.020361,1.0,270.0
1710850895.0366452,1.0,270.0
1710850895.053531,1.0,270.0
1710850895.0719192,1.0,270.0
1710850895.088301,1.0,270.0
1710850895.10403,1.0,270.0
1710850895.120707,1.0,270.0
1710850895.138816,1.0,270.0
1710850895.1473799,1.0,270.0
1710850895.170485,1.0,270.0
1710850895.186979,1.0,270.0
1710850895.205645,1.0,270.0
1710850895.2163541,1.0,270.0
1710850895.237066,1.0,270.0
1710850895.253747,1.0,270.0
1710850895.2706969,1.0,270.0
1710850895.287106,1.0,270.0
1710850895.3037271,1.0,270.0
1710850895.320174,1.0,270.0
1710850895.3372538,1.0,270.0
1710850895.3548522,1.0,270.0
1710850895.364851,1.0,270.0
1710850895.386518,1.0,270.0
1710850895.403734,1.0,270.0
1710850895.421599,1.0,270.0
1710850895.430631,1.0,270.0
1710850895.4537332,1.0,270.0
1710850895.47018,1.0,270.0
1710850895.4889421,1.0,270.0
1710850895.505302,1.0,270.0
1710850895.521726,1.0,270.0
1710850895.538233,1.0,270.0
1710850895.549559,1.0,270.0
1710850895.570348,1.0,270.0
1710850895.587028,1.0,270.0
1710850895.604188,1.0,270.0
1710850895.6204312,1.0,270.0
1710850895.637056,1.0,270.0
1710850895.655061,1.0,270.0
1710850895.6715908,1.0,270.0
1710850895.688688,1.0,270.0
1710850895.701047,1.0,270.0
1710850895.720202,1.0,270.0
1710850895.737219,1.0,270.0
1710850895.753869,1.0,270.0
1710850895.7703948,1.0,270.0
1710850895.787095,1.0,270.0
1710850895.8040278,1.0,270.0
1710850895.81989,1.0,270.0
1710850895.837112,1.0,270.0
1710850895.853974,1.0,270.0
1710850895.8708348,1.0,270.0
1710850895.887439,1.0,270.0
1710850895.904185,1.0,270.0
1710850895.921699,1.0,270.0
1710850895.931185,1.0,270.0
1710850895.953449,1.0,270.0
1710850895.9727108,1.0,270.0
1710850895.982369,1.0,270.0
1710850896.003723,1.0,270.0
1710850896.0217311,1.0,270.0
1710850896.038774,1.0,270.0
1710850896.053231,1.0,270.0
1710850896.0705678,1.0,270.0
1710850896.087106,1.0,270.0
1710850896.105104,1.0,270.0
1710850896.1203132,1.0,270.0
1710850896.137152,1.0,270.0
1710850896.153866,1.0,270.0
1710850896.170144,1.0,270.0
1710850896.188725,1.0,270.0
1710850896.1974132,1.0,270.0
1710850896.2217972,1.0,270.0
1710850896.238104,1.0,270.0
1710850896.2539918,1.0,270.0
1710850896.271935,1.0,270.0
1710850896.2882922,1.0,270.0
1710850896.304534,1.0,270.0
1710850896.3215501,1.0,270.0
1710850896.33795,1.0,270.0
1710850896.35472,1.0,270.0
1710850896.365031,1.0,270.0
1710850896.3870258,1.0,270.0
1710850896.4036329,1.0,270.0
1710850896.4202938,1.0,270.0
1710850896.437122,1.0,270.0
1710850896.453486,1.0,270.0
1710850896.471709,1.0,270.0
1710850896.48802,1.0,270.0
1710850896.5048242,1.0,270.0
1710850896.521889,1.0,270.0
1710850896.5384781,1.0,270.0
1710850896.5546188,1.0,270.0
1710850896.5709498,1.0,270.0
1710850896.588084,1.0,270.0
1710850896.6047318,1.0,270.0
1710850896.6212459,1.0,270.0
1710850896.6378539,1.0,270.0
1710850896.655065,1.0,270.0
1710850896.671691,1.0,270.0
1710850896.688731,1.0,270.0
1710850896.70516,1.0,270.0
1710850896.721466,1.0,270.0
1710850896.7379808,1.0,270.0
1710850896.7549188,1.0,270.0
1710850896.770066,1.0,270.0
1710850896.787694,1.0,270.0
1710850896.8053172,1.0,270.0
1710850896.822528,1.0,270.0
1710850896.838567,1.0,270.0
1710850896.854968,1.0,270.0
1710850896.871255,1.0,270.0
1710850896.888265,1.0,270.0
1710850896.904683,1.0,270.0
1710850896.921232,1.0,270.0
1710850896.937598,1.0,270.0
1710850896.955171,1.0,270.0
1710850896.97013,1.0,270.0
1710850896.988572,1.0,270.0
1710850897.0036612,1.0,270.0
1710850897.019881,1.0,270.0
1710850897.036443,1.0,270.0
1710850897.052995,1.0,270.0
1710850897.069827,1.0,270.0
1710850897.08755,1.0,270.0
1710850897.104379,1.0,270.0
1710850897.120933,1.0,270.0
1710850897.136836,1.0,270.0
1710850897.1546729,1.0,270.0
1710850897.163739,1.0,270.0
1710850897.18655,1.0,270.0
1710850897.198596,1.0,270.0
1710850897.219878,1.0,270.0
1710850897.236446,1.0,270.0
1710850897.25329,1.0,270.0
1710850897.270966,1.0,270.0
1710850897.287675,1.0,270.0
1710850897.304778,1.0,270.0
1710850897.320541,1.0,270.0
1710850897.336685,1.0,270.0
1710850897.353236,1.0,270.0
1710850897.371531,1.0,270.0
1710850897.384923,1.0,270.0
1710850897.40518,1.0,270.0
1710850897.4149,1.0,270.0
1710850897.438787,1.0,270.0
1710850897.449652,2.0,270.0
1710850897.47237,2.0,270.0
1710850897.483257,2.0,270.0
1710850897.5051048,2.0,270.0
1710850897.515012,2.0,270.0
1710850897.5397062,2.0,270.0
1710850897.552193,2.0,270.0
1710850897.571558,2.0,270.0
1710850897.581196,2.0,270.0
1710850897.604814,2.0,270.0
1710850897.619394,2.0,270.0
1710850897.638324,2.0,270.0
1710850897.652527,2.0,270.0
1710850897.6715221,2.0,270.0
1710850897.68062,2.0,270.0
1710850897.704745,2.0,270.0
1710850897.722626,2.0,270.0
1710850897.73839,2.0,270.0
1710850897.7476192,2.0,270.0
1710850897.772351,2.0,270.0
1710850897.781697,2.0,270.0
1710850897.804829,2.0,270.0
1710850897.8147788,2.0,270.0
1710850897.837236,2.0,270.0
1710850897.853714,2.0,270.0
1710850897.871136,2.0,270.0
1710850897.887103,2.0,270.0
1710850897.903774,2.0,270.0
1710850897.920198,2.0,270.0
1710850897.937163,2.0,270.0
1710850897.953793,2.0,270.0
1710850897.970436,2.0,270.0
1710850897.9873972,2.0,270.0
1710850898.0050051,2.0,270.0
1710850898.0188391,2.0,270.0
1710850898.038471,2.0,270.0
1710850898.052127,2.0,270.0
1710850898.0716412,2.0,270.0
1710850898.082987,2.0,270.0
1710850898.103713,2.0,270.0
1710850898.121583,2.0,270.0
1710850898.13258,2.0,270.0
1710850898.154603,2.0,270.0
1710850898.1720881,2.0,270.0
1710850898.1852732,2.0,270.0
1710850898.205781,2.0,270.0
1710850898.215462,2.0,270.0
1710850898.238389,2.0,270.0
1710850898.2478578,2.0,270.0
1710850898.2715049,2.0,270.0
1710850898.2883258,2.0,270.0
1710850898.302614,2.0,270.0
1710850898.321495,2.0,270.0
1710850898.331094,2.0,270.0
1710850898.354877,2.0,270.0
1710850898.371556,2.0,270.0
1710850898.384165,2.0,270.0
1710850898.404816,2.0,270.0
1710850898.421704,2.0,270.0
1710850898.431207,2.0,270.0
1710850898.455613,2.0,270.0
1710850898.466341,3.0,270.0
1710850898.48858,3.0,270.0
1710850898.504639,3.0,270.0
1710850898.522161,3.0,270.0
1710850898.538579,3.0,270.0
1710850898.547269,3.0,270.0
1710850898.571303,3.0,270.0
1710850898.581426,3.0,270.0
1710850898.60484,3.0,270.0
1710850898.614199,3.0,270.0
1710850898.638475,3.0,270.0
1710850898.64814,3.0,270.0
1710850898.670881,3.0,270.0
1710850898.687791,3.0,270.0
1710850898.705159,3.0,270.0
1710850898.718279,3.0,270.0
1710850898.738335,3.0,270.0
1710850898.754941,3.0,270.0
1710850898.764491,3.0,270.0
1710850898.786883,3.0,270.0
1710850898.8043342,3.0,270.0
1710850898.821407,3.0,270.0
1710850898.831367,3.0,270.0
1710850898.854899,3.0,270.0
1710850898.864913,3.0,270.0
1710850898.8883789,3.0,270.0
1710850898.901758,3.0,270.0
1710850898.921131,3.0,270.0
1710850898.931492,3.0,270.0
1710850898.954643,3.0,270.0
1710850898.96686,3.0,270.0
1710850898.9882638,3.0,270.0
1710850899.0046139,3.0,270.0
1710850899.014205,3.0,270.0
1710850899.03864,3.0,270.0
1710850899.055268,3.0,270.0
1710850899.064797,3.0,270.0
1710850899.088313,3.0,270.0
1710850899.102408,3.0,270.0
1710850899.1204531,3.0,270.0
1710850899.1368399,3.0,270.0
1710850899.154598,3.0,270.0
1710850899.171137,3.0,270.0
1710850899.187194,3.0,270.0
1710850899.203246,3.0,270.0
1710850899.221668,3.0,270.0
1710850899.231961,3.0,270.0
1710850899.2547898,3.0,270.0
1710850899.271127,3.0,270.0
1710850899.281117,3.0,270.0
1710850899.305813,3.0,270.0
1710850899.316819,3.0,270.0
1710850899.3380249,3.0,270.0
1710850899.348228,3.0,270.0
1710850899.371586,3.0,270.0
1710850899.384812,3.0,270.0
1710850899.404822,3.0,270.0
1710850899.419678,3.0,270.0
1710850899.4377868,3.0,270.0
1710850899.454644,3.0,270.0
1710850899.463979,3.0,270.0
1710850899.48813,3.0,270.0
1710850899.497526,3.0,270.0
1710850899.521575,3.0,270.0
1710850899.536195,3.0,270.0
1710850899.554606,3.0,270.0
1710850899.571279,3.0,270.0
1710850899.581413,3.0,270.0
1710850899.605035,3.0,270.0
1710850899.614524,3.0,270.0
1710850899.638286,3.0,270.0
1710850899.64769,3.0,270.0
1710850899.671519,3.0,270.0
1710850899.680982,3.0,270.0
1710850899.705197,3.0,270.0
1710850899.714862,3.0,270.0
1710850899.7387,3.0,270.0
1710850899.751955,3.0,270.0
1710850899.771444,3.0,270.0
1710850899.787721,3.0,270.0
1710850899.8047822,3.0,270.0
1710850899.821099,3.0,270.0
1710850899.837984,3.0,270.0
1710850899.854908,3.0,270.0
1710850899.864188,3.0,270.0
1710850899.8883998,3.0,270.0
1710850899.9023092,3.0,270.0
1710850899.920535,3.0,270.0
1710850899.936726,3.0,270.0
1710850899.953501,3.0,270.0
1710850899.970149,3.0,270.0
1710850899.986804,3.0,270.0
1710850900.0041769,3.0,270.0
1710850900.0204349,3.0,270.0
1710850900.037029,3.0,270.0
1710850900.053865,3.0,270.0
1710850900.0713081,3.0,270.0
1710850900.087944,3.0,270.0
1710850900.104494,3.0,270.0
1710850900.1211698,3.0,270.0
1710850900.135052,3.0,270.0
1710850900.154469,3.0,270.0
1710850900.167714,3.0,270.0
1710850900.188559,3.0,270.0
1710850900.199428,3.0,270.0
1710850900.221298,3.0,270.0
1710850900.238315,3.0,270.0
1710850900.251864,3.0,270.0
1710850900.2716548,3.0,270.0
1710850900.281612,3.0,270.0
1710850900.304937,3.0,270.0
1710850900.315056,3.0,270.0
1710850900.338378,3.0,270.0
1710850900.354288,3.0,270.0
1710850900.371574,3.0,270.0
1710850900.388094,3.0,270.0
1710850900.404681,3.0,270.0
1710850900.4150689,3.0,270.0
1710850900.4381068,3.0,270.0
1710850900.447805,3.0,270.0
1710850900.471144,3.0,270.0
1710850900.488271,3.0,270.0
1710850900.502956,3.0,270.0
1710850900.521246,3.0,270.0
1710850900.530805,3.0,270.0
1710850900.5547981,3.0,270.0
1710850900.568676,3.0,270.0
1710850900.588147,3.0,270.0
1710850900.604896,3.0,270.0
1710850900.614941,3.0,270.0
1710850900.638031,3.0,270.0
1710850900.6472058,3.0,270.0
1710850900.671558,3.0,270.0
1710850900.680966,3.0,270.0
1710850900.705634,3.0,270.0
1710850900.72081,3.0,270.0
1710850900.737925,3.0,270.0
1710850900.751887,3.0,270.0
1710850900.771449,3.0,270.0
1710850900.787793,3.0,270.0
1710850900.8046331,3.0,270.0
1710850900.822034,3.0,270.0
1710850900.831448,3.0,270.0
1710850900.854269,3.0,270.0
1710850900.871231,3.0,270.0
1710850900.8883939,3.0,270.0
1710850900.901818,3.0,270.0
1710850900.9220438,3.0,270.0
1710850900.931564,3.0,270.0
1710850900.95464,3.0,270.0
1710850900.964273,3.0,270.0
1710850900.988001,3.0,270.0
1710850901.0045838,3.0,270.0
1710850901.017995,3.0,270.0
1710850901.038502,3.0,270.0
1710850901.0534148,3.0,270.0
1710850901.071232,3.0,270.0
1710850901.087855,3.0,270.0
1710850901.1048682,3.0,270.0
1710850901.1148071,3.0,270.0
1710850901.1386938,3.0,270.0
1710850901.15486,3.0,270.0
1710850901.164983,3.0,270.0
1710850901.187712,3.0,270.0
1710850901.204471,3.0,270.0
1710850901.218506,3.0,270.0
1710850901.238042,3.0,270.0
1710850901.251103,3.0,270.0
1710850901.270095,3.0,270.0
1710850901.288645,3.0,270.0
1710850901.299134,3.0,270.0
1710850901.3213718,3.0,270.0
1710850901.337715,3.0,270.0
1710850901.3477418,3.0,270.0
1710850901.371946,3.0,270.0
1710850901.3849769,3.0,270.0
1710850901.4047549,3.0,270.0
1710850901.414764,3.0,270.0
1710850901.438151,3.0,270.0
1710850901.447737,3.0,270.0
1710850901.471518,3.0,270.0
1710850901.485962,3.0,270.0
1710850901.5049338,3.0,270.0
1710850901.514178,3.0,270.0
1710850901.5381272,3.0,270.0
1710850901.547817,3.0,270.0
1710850901.5714,3.0,270.0
1710850901.5878332,3.0,270.0
1710850901.604634,3.0,270.0
1710850901.6141849,3.0,270.0
1710850901.638023,3.0,270.0
1710850901.648018,3.0,270.0
1710850901.6711638,3.0,270.0
1710850901.684725,3.0,270.0
1710850901.7048671,3.0,270.0
1710850901.7218182,3.0,270.0
1710850901.735392,3.0,270.0
1710850901.754882,3.0,270.0
1710850901.7650309,3.0,270.0
1710850901.788058,3.0,270.0
1710850901.804578,3.0,270.0
1710850901.814114,3.0,270.0
1710850901.8373508,3.0,270.0
1710850901.85407,3.0,270.0
1710850901.871576,3.0,270.0
1710850901.885035,3.0,270.0
1710850901.905409,3.0,270.0
1710850901.915212,3.0,270.0
1710850901.9380548,3.0,270.0
1710850901.947298,3.0,270.0
1710850901.971792,3.0,270.0
1710850901.981417,3.0,270.0
1710850902.003797,3.0,270.0
1710850902.020364,3.0,270.0
1710850902.037034,3.0,270.0
1710850902.0535722,3.0,270.0
1710850902.0703099,3.0,270.0
1710850902.086915,3.0,270.0
1710850902.103692,3.0,270.0
1710850902.1207428,3.0,270.0
1710850902.137517,3.0,270.0
1710850902.1547468,3.0,270.0
1710850902.171405,3.0,270.0
1710850902.185013,3.0,270.0
1710850902.204554,3.0,270.0
1710850902.2214851,3.0,270.0
1710850902.2361321,3.0,270.0
1710850902.2490501,3.0,270.0
1710850902.271193,3.0,270.0
1710850902.281307,3.0,270.0
1710850902.305485,3.0,270.0
1710850902.315831,3.0,270.0
1710850902.338416,3.0,270.0
1710850902.35181,3.0,270.0
1710850902.371666,3.0,270.0
1710850902.3811781,3.0,270.0
1710850902.405153,3.0,270.0
1710850902.416078,3.0,270.0
1710850902.438148,3.0,270.0
1710850902.455065,3.0,270.0
1710850902.465434,3.0,270.0
1710850902.487556,3.0,270.0
1710850902.5046852,3.0,270.0
1710850902.5209181,3.0,270.0
1710850902.538176,3.0,270.0
1710850902.5482829,3.0,270.0
1710850902.571786,4.0,270.0
1710850902.5878432,4.0,270.0
1710850902.604797,4.0,270.0
1710850902.6216488,4.0,270.0
1710850902.631356,4.0,270.0
1710850902.6548831,4.0,270.0
1710850902.6716878,4.0,270.0
1710850902.681504,4.0,270.0
1710850902.7048,4.0,270.0
1710850902.714541,4.0,270.0
1710850902.738293,4.0,270.0
1710850902.754983,4.0,270.0
1710850902.771598,4.0,270.0
1710850902.787806,4.0,270.0
1710850902.804615,4.0,270.0
1710850902.821259,4.0,270.0
1710850902.8382342,4.0,270.0
1710850902.8548338,4.0,270.0
1710850902.871603,4.0,270.0
1710850902.888273,4.0,270.0
1710850902.904692,4.0,270.0
1710850902.921186,4.0,270.0
1710850902.9381278,4.0,270.0
1710850902.954593,4.0,270.0
1710850902.971599,4.0,270.0
1710850902.98899,4.0,270.0
1710850902.9989948,4.0,270.0
1710850903.021246,4.0,270.0
1710850903.038079,4.0,270.0
1710850903.053662,4.0,270.0
1710850903.071759,4.0,270.0
1710850903.088089,4.0,270.0
1710850903.104984,4.0,270.0
1710850903.1145222,4.0,270.0
1710850903.137724,4.0,270.0
1710850903.1553988,4.0,270.0
1710850903.1643898,4.0,270.0
1710850903.18817,4.0,270.0
1710850903.205177,4.0,270.0
1710850903.221409,4.0,270.0
1710850903.2383711,4.0,270.0
1710850903.254702,4.0,270.0
1710850903.271339,4.0,270.0
1710850903.288152,4.0,270.0
1710850903.304864,4.0,270.0
1710850903.321493,4.0,270.0
1710850903.3378718,4.0,270.0
1710850903.354273,4.0,270.0
1710850903.37165,4.0,270.0
1710850903.3880908,4.0,270.0
1710850903.4048052,4.0,270.0
1710850903.421453,4.0,270.0
1710850903.4379961,4.0,270.0
1710850903.44837,4.0,270.0
1710850903.4712489,4.0,270.0
1710850903.487673,4.0,270.0
1710850903.5050728,4.0,270.0
1710850903.521363,4.0,270.0
1710850903.537825,4.0,270.0
1710850903.554205,4.0,270.0
1710850903.571167,4.0,270.0
1710850903.588083,4.0,270.0
1710850903.6044888,4.0,270.0
1710850903.621736,4.0,270.0
1710850903.638505,4.0,270.0
1710850903.654624,4.0,270.0
1710850903.6712582,4.0,270.0
1710850903.687978,4.0,270.0
1710850903.704413,4.0,270.0
1710850903.7150998,4.0,270.0
1710850903.737002,4.0,270.0
1710850903.754598,4.0,270.0
1710850903.771827,4.0,270.0
1710850903.780303,4.0,270.0
1710850903.8031518,4.0,270.0
1710850903.822219,4.0,270.0
1710850903.837007,4.0,270.0
1710850903.854818,4.0,270.0
1710850903.8712409,4.0,270.0
1710850903.888234,4.0,270.0
1710850903.9048781,4.0,270.0
1710850903.920989,4.0,270.0
1710850903.938059,4.0,270.0
1710850903.955071,4.0,270.0
1710850903.964842,4.0,270.0
1710850903.987743,4.0,270.0
1710850904.004897,4.0,270.0
1710850904.0212579,4.0,270.0
1710850904.040072,4.0,270.0
1710850904.0533628,4.0,270.0
1710850904.070515,4.0,270.0
1710850904.086865,4.0,270.0
1710850904.1036391,4.0,270.0
1710850904.12014,4.0,270.0
1710850904.136739,4.0,270.0
1710850904.153524,4.0,270.0
1710850904.1704268,4.0,270.0
1710850904.186972,4.0,270.0
1710850904.203709,4.0,270.0
1710850904.220872,4.0,270.0
1710850904.237827,4.0,270.0
1710850904.255091,4.0,270.0
1710850904.27138,4.0,270.0
1710850904.28788,4.0,270.0
1710850904.304965,4.0,270.0
1710850904.321289,4.0,270.0
1710850904.3385038,4.0,270.0
1710850904.3479612,4.0,270.0
1710850904.371745,4.0,270.0
1710850904.388354,4.0,270.0
1710850904.404604,4.0,270.0
1710850904.421129,4.0,270.0
1710850904.4380999,4.0,270.0
1710850904.454874,4.0,270.0
1710850904.471728,4.0,270.0
1710850904.488638,4.0,270.0
1710850904.498438,4.0,270.0
1710850904.521178,4.0,270.0
1710850904.5380101,4.0,270.0
1710850904.5546849,4.0,270.0
1710850904.571263,4.0,270.0
1710850904.581922,4.0,270.0
1710850904.6050088,4.0,270.0
1710850904.614173,4.0,270.0
1710850904.637856,4.0,270.0
1710850904.65461,4.0,270.0
1710850904.671099,4.0,270.0
1710850904.688421,4.0,270.0
1710850904.705178,4.0,270.0
1710850904.721177,4.0,270.0
1710850904.738127,4.0,270.0
1710850904.755496,4.0,270.0
1710850904.7645922,4.0,270.0
1710850904.788498,4.0,270.0
1710850904.7986078,4.0,270.0
1710850904.8212538,4.0,270.0
1710850904.838581,4.0,270.0
1710850904.847798,4.0,270.0
1710850904.8716319,4.0,270.0
1710850904.888135,4.0,270.0
1710850904.905576,4.0,270.0
1710850904.921525,4.0,270.0
1710850904.93812,4.0,270.0
1710850904.9548218,4.0,270.0
1710850904.971817,4.0,270.0
1710850904.980845,4.0,270.0
1710850905.00526,4.0,270.0
1710850905.014726,4.0,270.0
1710850905.039016,4.0,270.0
1710850905.052546,4.0,270.0
1710850905.07124,4.0,270.0
1710850905.088274,4.0,270.0
1710850905.097762,4.0,270.0
1710850905.121296,4.0,270.0
1710850905.137964,4.0,270.0
1710850905.155236,4.0,270.0
1710850905.164434,4.0,270.0
1710850905.187944,4.0,270.0
1710850905.204732,4.0,270.0
1710850905.2213619,4.0,270.0
1710850905.238497,4.0,270.0
1710850905.2549791,4.0,270.0
1710850905.264689,4.0,270.0
1710850905.287859,4.0,270.0
1710850905.304197,4.0,270.0
1710850905.321481,4.0,270.0
1710850905.3377438,4.0,270.0
1710850905.354835,4.0,270.0
1710850905.371825,4.0,270.0
1710850905.3878589,4.0,270.0
1710850905.404531,4.0,270.0
1710850905.421556,4.0,270.0
1710850905.438028,4.0,270.0
1710850905.439977,90.0,90.0
1710850905.44885,4.0,90.0
1710850905.457769,1.0,90.0
1710850905.464962,1.0,90.0
1710850905.487624,1.0,90.0
1710850905.504564,1.0,90.0
1710850905.5208662,1.0,90.0
1710850905.537875,1.0,90.0
1710850905.554471,1.0,90.0
1710850905.565082,1.0,90.0
1710850905.587638,1.0,90.0
1710850905.597301,1.0,90.0
1710850905.6211991,1.0,90.0
1710850905.632072,1.0,90.0
1710850905.6549802,1.0,90.0
1710850905.6645088,1.0,90.0
1710850905.6886332,1.0,90.0
1710850905.701855,1.0,90.0
1710850905.721081,1.0,90.0
1710850905.730952,1.0,90.0
1710850905.7546802,1.0,90.0
1710850905.7644742,1.0,90.0
1710850905.78847,1.0,90.0
1710850905.797837,1.0,90.0
1710850905.821001,1.0,90.0
1710850905.837754,1.0,90.0
1710850905.854815,1.0,90.0
1710850905.864218,1.0,90.0
1710850905.888604,1.0,90.0
1710850905.9035132,1.0,90.0
1710850905.921062,1.0,90.0
1710850905.930608,1.0,90.0
1710850905.954705,1.0,90.0
1710850905.964658,1.0,90.0
1710850905.9875588,1.0,90.0
1710850905.99826,1.0,90.0
1710850906.0213811,1.0,90.0
1710850906.0387,1.0,90.0
1710850906.0544379,1.0,90.0
1710850906.071414,1.0,90.0
1710850906.081138,1.0,90.0
1710850906.104654,1.0,90.0
1710850906.122147,1.0,90.0
1710850906.1313338,1.0,90.0
1710850906.1532118,1.0,90.0
1710850906.1702762,1.0,90.0
1710850906.186804,1.0,90.0
1710850906.203512,1.0,90.0
1710850906.2202828,1.0,90.0
1710850906.23716,1.0,90.0
1710850906.253709,1.0,90.0
1710850906.2703419,1.0,90.0
1710850906.287571,1.0,90.0
1710850906.304398,1.0,90.0
1710850906.321646,1.0,90.0
1710850906.3358898,1.0,90.0
1710850906.354569,1.0,90.0
1710850906.37133,1.0,90.0
1710850906.384893,1.0,90.0
1710850906.4048278,1.0,90.0
1710850906.415595,1.0,90.0
1710850906.4390242,1.0,90.0
1710850906.44895,1.0,90.0
1710850906.470672,1.0,90.0
1710850906.4874601,1.0,90.0
1710850906.504695,1.0,90.0
1710850906.5210938,1.0,90.0
1710850906.538126,1.0,90.0
1710850906.5550442,1.0,90.0
1710850906.564238,1.0,90.0
1710850906.587798,1.0,90.0
1710850906.59731,1.0,90.0
1710850906.621469,1.0,90.0
1710850906.634978,1.0,90.0
1710850906.655314,1.0,90.0
1710850906.665278,1.0,90.0
1710850906.687798,1.0,90.0
1710850906.697852,1.0,90.0
1710850906.721201,1.0,90.0
1710850906.737698,1.0,90.0
1710850906.7483761,1.0,90.0
1710850906.77003,1.0,90.0
1710850906.7872021,1.0,90.0
1710850906.804621,1.0,90.0
1710850906.814893,1.0,90.0
1710850906.838232,1.0,90.0
1710850906.849362,1.0,90.0
1710850906.870281,1.0,90.0
1710850906.887903,1.0,90.0
1710850906.904638,1.0,90.0
1710850906.9161742,1.0,90.0
1710850906.9383838,1.0,90.0
1710850906.9474208,1.0,90.0
1710850906.971908,1.0,90.0
1710850906.981846,1.0,90.0
1710850907.004756,1.0,90.0
1710850907.0138218,1.0,90.0
1710850907.038131,1.0,90.0
1710850907.0522408,1.0,90.0
1710850907.07021,1.0,90.0
1710850907.08799,1.0,90.0
1710850907.105023,1.0,90.0
1710850907.114539,1.0,90.0
1710850907.139301,1.0,90.0
1710850907.1482408,1.0,90.0
1710850907.1720278,1.0,90.0
1710850907.188826,1.0,90.0
1710850907.198123,1.0,90.0
1710850907.221219,1.0,90.0
1710850907.238265,1.0,90.0
1710850907.2522008,1.0,90.0
1710850907.2710688,1.0,90.0
1710850907.280851,1.0,90.0
1710850907.3035789,1.0,90.0
1710850907.321692,1.0,90.0
1710850907.331902,1.0,90.0
1710850907.354594,1.0,90.0
1710850907.371553,1.0,90.0
1710850907.386419,1.0,90.0
1710850907.404982,1.0,90.0
1710850907.418636,1.0,90.0
1710850907.437643,1.0,90.0
1710850907.454925,1.0,90.0
1710850907.464513,1.0,90.0
1710850907.487513,1.0,90.0
1710850907.5050418,1.0,90.0
1710850907.5191731,1.0,90.0
1710850907.537627,1.0,90.0
1710850907.554371,1.0,90.0
1710850907.5715961,1.0,90.0
1710850907.580965,1.0,90.0
1710850907.605031,1.0,90.0
1710850907.6220238,1.0,90.0
1710850907.6313531,1.0,90.0
1710850907.654737,1.0,90.0
1710850907.6641438,1.0,90.0
1710850907.688263,1.0,90.0
1710850907.701798,1.0,90.0
1710850907.722093,1.0,90.0
1710850907.734858,1.0,90.0
1710850907.754454,1.0,90.0
1710850907.7638988,1.0,90.0
1710850907.7883599,1.0,90.0
1710850907.797725,1.0,90.0
1710850907.8214679,1.0,90.0
1710850907.837785,1.0,90.0
1710850907.8546839,1.0,90.0
1710850907.8714502,1.0,90.0
1710850907.881272,1.0,90.0
1710850907.904774,1.0,90.0
1710850907.92148,1.0,90.0
1710850907.935849,1.0,90.0
1710850907.954581,1.0,90.0
1710850907.964115,1.0,90.0
1710850907.987682,1.0,90.0
1710850908.0050838,1.0,90.0
1710850908.0144022,1.0,90.0
1710850908.038167,1.0,90.0
1710850908.052932,1.0,90.0
1710850908.071218,1.0,90.0
1710850908.087693,1.0,90.0
1710850908.097385,1.0,90.0
1710850908.12153,1.0,90.0
1710850908.131138,1.0,90.0
1710850908.154966,1.0,90.0
1710850908.1645582,1.0,90.0
1710850908.188514,1.0,90.0
1710850908.1978502,1.0,90.0
1710850908.2203698,1.0,90.0
1710850908.236816,1.0,90.0
1710850908.253848,1.0,90.0
1710850908.27041,1.0,90.0
1710850908.286813,1.0,90.0
1710850908.303659,1.0,90.0
1710850908.320493,1.0,90.0
1710850908.337198,1.0,90.0
1710850908.354594,1.0,90.0
1710850908.3714602,1.0,90.0
1710850908.384794,1.0,90.0
1710850908.404414,1.0,90.0
1710850908.4183948,1.0,90.0
1710850908.438259,1.0,90.0
1710850908.451715,2.0,90.0
1710850908.471926,2.0,90.0
1710850908.485991,2.0,90.0
1710850908.504868,2.0,90.0
1710850908.514902,2.0,90.0
1710850908.5379899,2.0,90.0
1710850908.5550761,2.0,90.0
1710850908.568664,2.0,90.0
1710850908.588754,2.0,90.0
1710850908.60285,2.0,90.0
1710850908.621164,2.0,90.0
1710850908.637992,2.0,90.0
1710850908.655126,2.0,90.0
1710850908.671453,2.0,90.0
1710850908.681043,2.0,90.0
1710850908.704052,2.0,90.0
1710850908.721256,2.0,90.0
1710850908.73809,2.0,90.0
1710850908.7516842,2.0,90.0
1710850908.772224,2.0,90.0
1710850908.7829351,2.0,90.0
1710850908.805525,2.0,90.0
1710850908.81498,2.0,90.0
1710850908.838337,2.0,90.0
1710850908.847462,2.0,90.0
1710850908.872021,2.0,90.0
1710850908.885132,2.0,90.0
1710850908.9054332,2.0,90.0
1710850908.919819,2.0,90.0
1710850908.9380212,2.0,90.0
1710850908.95485,2.0,90.0
1710850908.9646301,2.0,90.0
1710850908.98841,2.0,90.0
1710850908.998131,2.0,90.0
1710850909.0221598,2.0,90.0
1710850909.0319428,2.0,90.0
1710850909.054833,2.0,90.0
1710850909.069371,2.0,90.0
1710850909.088305,2.0,90.0
1710850909.104751,2.0,90.0
1710850909.121813,2.0,90.0
1710850909.1313448,2.0,90.0
1710850909.154701,2.0,90.0
1710850909.172101,2.0,90.0
1710850909.181643,2.0,90.0
1710850909.2055502,2.0,90.0
1710850909.2200441,2.0,90.0
1710850909.2390668,2.0,90.0
1710850909.252842,2.0,90.0
1710850909.2714481,2.0,90.0
1710850909.288246,2.0,90.0
1710850909.297822,2.0,90.0
1710850909.321625,2.0,90.0
1710850909.3307898,2.0,90.0
1710850909.3554502,2.0,90.0
1710850909.3687959,2.0,90.0
1710850909.3882308,2.0,90.0
1710850909.3974621,2.0,90.0
1710850909.421628,2.0,90.0
1710850909.432585,2.0,90.0
1710850909.455376,2.0,90.0
1710850909.469506,3.0,90.0
1710850909.4877288,3.0,90.0
1710850909.504676,3.0,90.0
1710850909.52106,3.0,90.0
1710850909.5379488,3.0,90.0
1710850909.5515058,3.0,90.0
1710850909.571872,3.0,90.0
1710850909.585042,3.0,90.0
1710850909.604227,3.0,90.0
1710850909.6214368,3.0,90.0
1710850909.630965,3.0,90.0
1710850909.654412,3.0,90.0
1710850909.671846,3.0,90.0
1710850909.686166,3.0,90.0
1710850909.704337,3.0,90.0
1710850909.7211351,3.0,90.0
1710850909.737401,3.0,90.0
1710850909.7546859,3.0,90.0
1710850909.7713869,3.0,90.0
1710850909.78377,3.0,90.0
1710850909.803201,3.0,90.0
1710850909.821833,3.0,90.0
1710850909.831754,3.0,90.0
1710850909.85458,3.0,90.0
1710850909.8711529,3.0,90.0
1710850909.888566,3.0,90.0
1710850909.90286,3.0,90.0
1710850909.920938,3.0,90.0
1710850909.937797,3.0,90.0
1710850909.947928,3.0,90.0
1710850909.971628,3.0,90.0
1710850909.980745,3.0,90.0
1710850910.006631,3.0,90.0
1710850910.018892,3.0,90.0
1710850910.038081,3.0,90.0
1710850910.054643,3.0,90.0
1710850910.071467,3.0,90.0
1710850910.085522,3.0,90.0
1710850910.104831,3.0,90.0
1710850910.114804,3.0,90.0
1710850910.1381629,3.0,90.0
1710850910.147927,3.0,90.0
1710850910.1712441,3.0,90.0
1710850910.1807842,3.0,90.0
1710850910.2044559,3.0,90.0
1710850910.216678,3.0,90.0
1710850910.2384262,3.0,90.0
1710850910.248246,3.0,90.0
1710850910.271693,3.0,90.0
1710850910.2808478,3.0,90.0
1710850910.303553,3.0,90.0
1710850910.3203158,3.0,90.0
1710850910.336876,3.0,90.0
1710850910.3536232,3.0,90.0
1710850910.370144,3.0,90.0
1710850910.387019,3.0,90.0
1710850910.40385,3.0,90.0
1710850910.420429,3.0,90.0
1710850910.4382699,3.0,90.0
1710850910.4528608,3.0,90.0
1710850910.471223,3.0,90.0
1710850910.487762,3.0,90.0
1710850910.504968,3.0,90.0
1710850910.518338,3.0,90.0
1710850910.538555,3.0,90.0
1710850910.552547,3.0,90.0
1710850910.5716538,3.0,90.0
1710850910.581224,3.0,90.0
1710850910.604301,3.0,90.0
1710850910.621227,3.0,90.0
1710850910.6320388,3.0,90.0
1710850910.6555252,3.0,90.0
1710850910.6674728,3.0,90.0
1710850910.6878772,3.0,90.0
1710850910.7046661,3.0,90.0
1710850910.71474,3.0,90.0
1710850910.7377632,3.0,90.0
1710850910.7508469,3.0,90.0
1710850910.7713559,3.0,90.0
1710850910.78127,3.0,90.0
1710850910.8038201,3.0,90.0
1710850910.819756,3.0,90.0
1710850910.83825,3.0,90.0
1710850910.848901,3.0,90.0
1710850910.8722901,3.0,90.0
1710850910.8851478,3.0,90.0
1710850910.9045498,3.0,90.0
1710850910.9211478,3.0,90.0
1710850910.9380548,3.0,90.0
1710850910.947467,3.0,90.0
1710850910.971381,3.0,90.0
1710850910.981427,3.0,90.0
1710850911.00474,3.0,90.0
1710850911.014457,3.0,90.0
1710850911.038047,3.0,90.0
1710850911.047924,3.0,90.0
1710850911.072732,3.0,90.0
1710850911.086694,3.0,90.0
1710850911.104755,3.0,90.0
1710850911.114932,3.0,90.0
1710850911.137862,3.0,90.0
1710850911.147895,3.0,90.0
1710850911.170969,3.0,90.0
1710850911.180819,3.0,90.0
1710850911.2052321,3.0,90.0
1710850911.216498,3.0,90.0
1710850911.23784,3.0,90.0
1710850911.2549021,3.0,90.0
1710850911.265124,3.0,90.0
1710850911.288256,3.0,90.0
1710850911.2981288,3.0,90.0
1710850911.321239,3.0,90.0
1710850911.3313448,3.0,90.0
1710850911.3541079,3.0,90.0
1710850911.371441,3.0,90.0
1710850911.381372,3.0,90.0
1710850911.405714,3.0,90.0
1710850911.415398,3.0,90.0
1710850911.438354,3.0,90.0
1710850911.4499881,3.0,90.0
1710850911.471452,3.0,90.0
1710850911.485523,3.0,90.0
1710850911.50469,3.0,90.0
1710850911.520324,3.0,90.0
1710850911.536729,3.0,90.0
1710850911.55428,3.0,90.0
1710850911.571106,3.0,90.0
1710850911.582301,3.0,90.0
1710850911.6042502,3.0,90.0
1710850911.614352,3.0,90.0
1710850911.6388328,3.0,90.0
1710850911.6494331,3.0,90.0
1710850911.670943,3.0,90.0
1710850911.6877,3.0,90.0
1710850911.705009,3.0,90.0
1710850911.7198138,3.0,90.0
1710850911.738382,3.0,90.0
1710850911.752474,3.0,90.0
1710850911.771446,3.0,90.0
1710850911.780778,3.0,90.0
1710850911.804716,3.0,90.0
1710850911.814255,3.0,90.0
1710850911.8381,3.0,90.0
1710850911.848129,3.0,90.0
1710850911.871275,3.0,90.0
1710850911.881032,3.0,90.0
1710850911.904851,3.0,90.0
1710850911.920807,3.0,90.0
1710850911.938494,3.0,90.0
1710850911.956157,3.0,90.0
1710850911.965076,3.0,90.0
1710850911.988199,3.0,90.0
1710850912.004833,3.0,90.0
1710850912.014975,3.0,90.0
1710850912.038146,3.0,90.0
1710850912.052759,3.0,90.0
1710850912.071365,3.0,90.0
1710850912.0817878,3.0,90.0
1710850912.104356,3.0,90.0
1710850912.115324,3.0,90.0
1710850912.1379552,3.0,90.0
1710850912.1546812,3.0,90.0
1710850912.1698308,3.0,90.0
1710850912.181756,3.0,90.0
1710850912.204458,3.0,90.0
1710850912.2196639,3.0,90.0
1710850912.2381382,3.0,90.0
1710850912.251843,3.0,90.0
1710850912.271567,3.0,90.0
1710850912.281347,3.0,90.0
1710850912.30478,3.0,90.0
1710850912.314592,3.0,90.0
1710850912.338551,3.0,90.0
1710850912.35115,3.0,90.0
1710850912.370042,3.0,90.0
1710850912.3871129,3.0,90.0
1710850912.4035058,3.0,90.0
1710850912.420131,3.0,90.0
1710850912.436778,3.0,90.0
1710850912.453713,3.0,90.0
1710850912.470304,3.0,90.0
1710850912.4871879,3.0,90.0
1710850912.504266,3.0,90.0
1710850912.5209548,3.0,90.0
1710850912.5377438,3.0,90.0
1710850912.5543501,3.0,90.0
1710850912.571319,3.0,90.0
1710850912.587786,3.0,90.0
1710850912.601998,3.0,90.0
1710850912.621583,3.0,90.0
1710850912.6316102,3.0,90.0
1710850912.654454,3.0,90.0
1710850912.665948,3.0,90.0
1710850912.688236,3.0,90.0
1710850912.697633,3.0,90.0
1710850912.721929,3.0,90.0
1710850912.7347908,3.0,90.0
1710850912.754526,3.0,90.0
1710850912.764174,3.0,90.0
1710850912.78822,3.0,90.0
1710850912.8045802,3.0,90.0
1710850912.821431,3.0,90.0
1710850912.83458,3.0,90.0
1710850912.854501,3.0,90.0
1710850912.871488,3.0,90.0
1710850912.881366,3.0,90.0
1710850912.9043221,3.0,90.0
1710850912.9209669,3.0,90.0
1710850912.9376261,3.0,90.0
1710850912.9546502,3.0,90.0
1710850912.971482,3.0,90.0
1710850912.984769,3.0,90.0
1710850913.004829,3.0,90.0
1710850913.013931,3.0,90.0
1710850913.038393,3.0,90.0
1710850913.052162,3.0,90.0
1710850913.07143,3.0,90.0
1710850913.081991,3.0,90.0
1710850913.104568,3.0,90.0
1710850913.114773,3.0,90.0
1710850913.1369941,3.0,90.0
1710850913.154443,3.0,90.0
1710850913.163378,3.0,90.0
1710850913.188205,3.0,90.0
1710850913.197758,3.0,90.0
1710850913.221598,3.0,90.0
1710850913.235256,3.0,90.0
1710850913.255292,3.0,90.0
1710850913.2654002,3.0,90.0
1710850913.287788,3.0,90.0
1710850913.297429,3.0,90.0
1710850913.3212779,3.0,90.0
1710850913.337773,3.0,90.0
1710850913.348096,3.0,90.0
1710850913.371972,3.0,90.0
1710850913.381475,3.0,90.0
1710850913.404257,3.0,90.0
1710850913.420918,3.0,90.0
1710850913.437954,3.0,90.0
1710850913.454541,3.0,90.0
1710850913.4717922,3.0,90.0
1710850913.481193,3.0,90.0
1710850913.504887,3.0,90.0
1710850913.5139918,3.0,90.0
1710850913.537925,3.0,90.0
1710850913.5543811,4.0,90.0
1710850913.571667,4.0,90.0
1710850913.588234,4.0,90.0
1710850913.604629,4.0,90.0
1710850913.6211488,4.0,90.0
1710850913.638134,4.0,90.0
1710850913.654508,4.0,90.0
1710850913.671196,4.0,90.0
1710850913.688166,4.0,90.0
1710850913.704833,4.0,90.0
1710850913.717804,4.0,90.0
1710850913.7364988,4.0,90.0
1710850913.752984,4.0,90.0
1710850913.771817,4.0,90.0
1710850913.780925,4.0,90.0
1710850913.803691,4.0,90.0
1710850913.821894,4.0,90.0
1710850913.837889,4.0,90.0
1710850913.8539572,4.0,90.0
1710850913.871885,4.0,90.0
1710850913.888024,4.0,90.0
1710850913.9054122,4.0,90.0
1710850913.9151812,4.0,90.0
1710850913.938592,4.0,90.0
1710850913.947406,4.0,90.0
1710850913.9715788,4.0,90.0
1710850913.987595,4.0,90.0
1710850914.0046442,4.0,90.0
1710850914.0151281,4.0,90.0
1710850914.038759,4.0,90.0
1710850914.0479832,4.0,90.0
1710850914.071312,4.0,90.0
1710850914.087719,4.0,90.0
1710850914.104227,4.0,90.0
1710850914.121363,4.0,90.0
1710850914.138468,4.0,90.0
1710850914.1477902,4.0,90.0
1710850914.1711931,4.0,90.0
1710850914.181375,4.0,90.0
1710850914.205187,4.0,90.0
1710850914.221131,4.0,90.0
1710850914.238555,4.0,90.0
1710850914.248309,4.0,90.0
1710850914.270932,4.0,90.0
1710850914.287622,4.0,90.0
1710850914.304928,4.0,90.0
1710850914.314292,4.0,90.0
1710850914.338099,4.0,90.0
1710850914.35474,4.0,90.0
1710850914.371418,4.0,90.0
1710850914.3879292,4.0,90.0
1710850914.405408,4.0,90.0
1710850914.4181151,4.0,90.0
1710850914.436693,4.0,90.0
1710850914.453838,4.0,90.0
1710850914.470193,4.0,90.0
1710850914.48699,4.0,90.0
1710850914.503417,4.0,90.0
1710850914.5203042,4.0,90.0
1710850914.5371761,4.0,90.0
1710850914.5537028,4.0,90.0
1710850914.570934,4.0,90.0
1710850914.58782,4.0,90.0
1710850914.6045382,4.0,90.0
1710850914.621099,4.0,90.0
1710850914.6379259,4.0,90.0
1710850914.6543941,4.0,90.0
1710850914.672023,4.0,90.0
1710850914.687766,4.0,90.0
1710850914.7050502,4.0,90.0
1710850914.721416,4.0,90.0
1710850914.731147,4.0,90.0
1710850914.7552152,4.0,90.0
1710850914.7681448,4.0,90.0
1710850914.7893639,4.0,90.0
1710850914.797663,4.0,90.0
1710850914.821389,4.0,90.0
1710850914.838193,4.0,90.0
1710850914.8547359,4.0,90.0
1710850914.871239,4.0,90.0
1710850914.8880372,4.0,90.0
1710850914.904875,4.0,90.0
1710850914.920942,4.0,90.0
1710850914.9376981,4.0,90.0
1710850914.954797,4.0,90.0
1710850914.9714072,4.0,90.0
1710850914.987999,4.0,90.0
1710850915.005069,4.0,90.0
1710850915.014719,4.0,90.0
1710850915.037716,4.0,90.0
1710850915.054017,4.0,90.0
1710850915.0717041,4.0,90.0
1710850915.0883808,4.0,90.0
1710850915.1053948,4.0,90.0
1710850915.1216471,4.0,90.0
1710850915.138113,4.0,90.0
1710850915.154952,4.0,90.0
1710850915.171259,4.0,90.0
1710850915.187775,4.0,90.0
1710850915.204442,4.0,90.0
1710850915.2215831,4.0,90.0
1710850915.2382982,4.0,90.0
1710850915.2543628,4.0,90.0
1710850915.271174,4.0,90.0
1710850915.2882,4.0,90.0
1710850915.297431,4.0,90.0
1710850915.321812,4.0,90.0
1710850915.337706,4.0,90.0
1710850915.3544698,4.0,90.0
1710850915.3714502,4.0,90.0
1710850915.388148,4.0,90.0
1710850915.40447,4.0,90.0
1710850915.421223,4.0,90.0
1710850915.4380171,4.0,90.0
1710850915.454557,4.0,90.0
1710850915.471082,4.0,90.0
1710850915.488064,4.0,90.0
1710850915.504982,4.0,90.0
1710850915.5148292,4.0,90.0
1710850915.538393,4.0,90.0
1710850915.55494,4.0,90.0
1710850915.570786,4.0,90.0
1710850915.587701,4.0,90.0
1710850915.604492,4.0,90.0
1710850915.621231,4.0,90.0
1710850915.637992,4.0,90.0
1710850915.655065,4.0,90.0
1710850915.6646779,4.0,90.0
1710850915.68833,4.0,90.0
1710850915.704803,4.0,90.0
1710850915.721174,4.0,90.0
1710850915.738286,4.0,90.0
1710850915.755122,4.0,90.0
1710850915.764509,4.0,90.0
1710850915.78805,4.0,90.0
1710850915.796832,4.0,90.0
1710850915.821221,4.0,90.0
1710850915.837852,4.0,90.0
1710850915.854152,4.0,90.0
1710850915.8716538,4.0,90.0
1710850915.881237,4.0,90.0
1710850915.904876,4.0,90.0
1710850915.914828,4.0,90.0
1710850915.937997,4.0,90.0
1710850915.954325,4.0,90.0
1710850915.970551,4.0,90.0
1710850915.987892,4.0,90.0
1710850916.00462,4.0,90.0
1710850916.021237,4.0,90.0
1710850916.038362,4.0,90.0
1710850916.054477,4.0,90.0
1710850916.0710652,4.0,90.0
1710850916.088188,4.0,90.0
1710850916.104291,4.0,90.0
1710850916.1211588,4.0,90.0
1710850916.131458,4.0,90.0
1710850916.155173,4.0,90.0
1710850916.1643898,4.0,90.0
1710850916.1883872,4.0,90.0
1710850916.204469,4.0,90.0
1710850916.220844,4.0,90.0
1710850916.2377322,4.0,90.0
1710850916.2546282,4.0,90.0
1710850916.270893,4.0,90.0
1710850916.288533,4.0,90.0
1710850916.298451,4.0,90.0
1710850916.321284,4.0,90.0
1710850916.337882,4.0,90.0
1710850916.354632,4.0,90.0
1710850916.371383,4.0,90.0
1710850916.387397,4.0,90.0
1710850916.4053178,4.0,90.0
1710850916.420929,4.0,90.0
1710850916.4377851,4.0,90.0
1710850916.439349,180.0,180.0
1710850916.4459908,4.0,180.0
1710850916.455251,1.0,180.0
1710850916.4716852,1.0,180.0
1710850916.48014,1.0,180.0
1710850916.503614,1.0,180.0
1710850916.520285,1.0,180.0
1710850916.537057,1.0,180.0
1710850916.553337,1.0,180.0
1710850916.570106,1.0,180.0
1710850916.58674,1.0,180.0
1710850916.603737,1.0,180.0
1710850916.620308,1.0,180.0
1710850916.637044,1.0,180.0
1710850916.654239,1.0,180.0
1710850916.671081,1.0,180.0
1710850916.6881878,1.0,180.0
1710850916.702067,1.0,180.0
1710850916.7204108,1.0,180.0
1710850916.736493,1.0,180.0
1710850916.753015,1.0,180.0
1710850916.77156,1.0,180.0
1710850916.781186,1.0,180.0
1710850916.8046908,1.0,180.0
1710850916.814152,1.0,180.0
1710850916.8385978,1.0,180.0
1710850916.850755,1.0,180.0
1710850916.871209,1.0,180.0
1710850916.8881989,1.0,180.0
1710850916.8981462,1.0,180.0
1710850916.9221618,1.0,180.0
1710850916.9320178,1.0,180.0
1710850916.95484,1.0,180.0
1710850916.972893,1.0,180.0
1710850916.9833758,1.0,180.0
1710850917.004045,1.0,180.0
1710850917.020986,1.0,180.0
1710850917.038514,1.0,180.0
1710850917.052521,1.0,180.0
1710850917.0711381,1.0,180.0
1710850917.087873,1.0,180.0
1710850917.104765,1.0,180.0
1710850917.118724,1.0,180.0
1710850917.1380868,1.0,180.0
1710850917.149089,1.0,180.0
1710850917.171859,1.0,180.0
1710850917.183893,1.0,180.0
1710850917.2048,1.0,180.0
1710850917.2183292,1.0,180.0
1710850917.238004,1.0,180.0
1710850917.2519171,1.0,180.0
1710850917.271123,1.0,180.0
1710850917.287671,1.0,180.0
1710850917.303981,1.0,180.0
1710850917.320674,1.0,180.0
1710850917.337667,1.0,180.0
1710850917.35449,1.0,180.0
1710850917.370337,1.0,180.0
1710850917.389033,1.0,180.0
1710850917.405308,1.0,180.0
1710850917.415254,1.0,180.0
1710850917.4377291,1.0,180.0
1710850917.4544399,1.0,180.0
1710850917.46416,1.0,180.0
1710850917.489435,1.0,180.0
1710850917.499728,1.0,180.0
1710850917.522038,1.0,180.0
1710850917.531849,1.0,180.0
1710850917.555299,1.0,180.0
1710850917.568544,1.0,180.0
1710850917.5888078,1.0,180.0
1710850917.604249,1.0,180.0
1710850917.620872,1.0,180.0
1710850917.637669,1.0,180.0
1710850917.65459,1.0,180.0
1710850917.663649,1.0,180.0
1710850917.6882958,1.0,180.0
1710850917.698303,1.0,180.0
1710850917.721097,1.0,180.0
1710850917.738497,1.0,180.0
1710850917.752061,1.0,180.0
1710850917.7721221,1.0,180.0
1710850917.781717,1.0,180.0
1710850917.804867,1.0,180.0
1710850917.814482,1.0,180.0
1710850917.837785,1.0,180.0
1710850917.8473542,1.0,180.0
1710850917.871636,1.0,180.0
1710850917.880922,1.0,180.0
1710850917.905016,1.0,180.0
1710850917.918803,1.0,180.0
1710850917.937532,1.0,180.0
1710850917.953986,1.0,180.0
1710850917.971194,1.0,180.0
1710850917.9806561,1.0,180.0
1710850918.004232,1.0,180.0
1710850918.021724,1.0,180.0
1710850918.032097,1.0,180.0
1710850918.0545359,1.0,180.0
1710850918.071188,1.0,180.0
1710850918.081162,1.0,180.0
1710850918.105248,1.0,180.0
1710850918.115204,1.0,180.0
1710850918.138518,1.0,180.0
1710850918.14922,1.0,180.0
1710850918.171486,1.0,180.0
1710850918.180895,1.0,180.0
1710850918.205035,1.0,180.0
1710850918.219,1.0,180.0
1710850918.2383301,1.0,180.0
1710850918.252766,1.0,180.0
1710850918.270806,1.0,180.0
1710850918.287649,1.0,180.0
1710850918.304318,1.0,180.0
1710850918.321423,1.0,180.0
1710850918.330687,1.0,180.0
1710850918.354727,1.0,180.0
1710850918.3648021,1.0,180.0
1710850918.3884091,1.0,180.0
1710850918.404366,1.0,180.0
1710850918.415118,1.0,180.0
1710850918.4379761,1.0,180.0
1710850918.448092,1.0,180.0
1710850918.4718149,1.0,180.0
1710850918.4817128,1.0,180.0
1710850918.504461,1.0,180.0
1710850918.514473,1.0,180.0
1710850918.538267,1.0,180.0
1710850918.5506492,1.0,180.0
1710850918.570652,1.0,180.0
1710850918.586556,1.0,180.0
1710850918.6034172,1.0,180.0
1710850918.6200802,1.0,180.0
1710850918.6368582,1.0,180.0
1710850918.6534212,1.0,180.0
1710850918.6703,1.0,180.0
1710850918.6870248,1.0,180.0
1710850918.703871,1.0,180.0
1710850918.720793,1.0,180.0
1710850918.737526,1.0,180.0
1710850918.754456,1.0,180.0
1710850918.771113,1.0,180.0
1710850918.7837791,1.0,180.0
1710850918.804489,1.0,180.0
1710850918.821155,1.0,180.0
1710850918.832198,1.0,180.0
1710850918.854398,1.0,180.0
1710850918.864575,1.0,180.0
1710850918.888959,1.0,180.0
1710850918.902499,1.0,180.0
1710850918.9211671,1.0,180.0
1710850918.931117,1.0,180.0
1710850918.954446,1.0,180.0
1710850918.9644191,1.0,180.0
1710850918.988255,1.0,180.0
1710850918.998015,1.0,180.0
1710850919.021172,1.0,180.0
1710850919.0308359,1.0,180.0
1710850919.0542982,1.0,180.0
1710850919.071268,1.0,180.0
1710850919.084119,1.0,180.0
1710850919.103242,1.0,180.0
1710850919.119951,1.0,180.0
1710850919.138106,1.0,180.0
1710850919.1483672,1.0,180.0
1710850919.171235,1.0,180.0
1710850919.180885,1.0,180.0
1710850919.205112,1.0,180.0
1710850919.2174451,1.0,180.0
1710850919.2384489,1.0,180.0
1710850919.247982,1.0,180.0
1710850919.270753,1.0,180.0
1710850919.28833,1.0,180.0
1710850919.298242,1.0,180.0
1710850919.321486,1.0,180.0
1710850919.338542,1.0,180.0
1710850919.348191,1.0,180.0
1710850919.3725781,1.0,180.0
1710850919.385302,1.0,180.0
1710850919.405087,1.0,180.0
1710850919.4210088,1.0,180.0
1710850919.43872,2.0,180.0
1710850919.4470809,2.0,180.0
1710850919.471609,2.0,180.0
1710850919.4814239,2.0,180.0
1710850919.505033,2.0,180.0
1710850919.514314,2.0,180.0
1710850919.538357,2.0,180.0
1710850919.552991,2.0,180.0
1710850919.571151,2.0,180.0
1710850919.587735,2.0,180.0
1710850919.6050391,2.0,180.0
1710850919.614568,2.0,180.0
1710850919.6386602,2.0,180.0
1710850919.647844,2.0,180.0
1710850919.671138,2.0,180.0
1710850919.680762,2.0,180.0
1710850919.704821,2.0,180.0
1710850919.7145758,2.0,180.0
1710850919.737798,2.0,180.0
1710850919.755001,2.0,180.0
1710850919.770238,2.0,180.0
1710850919.782063,2.0,180.0
1710850919.8053272,2.0,180.0
1710850919.815037,2.0,180.0
1710850919.8381839,2.0,180.0
1710850919.855072,2.0,180.0
1710850919.865922,2.0,180.0
1710850919.888424,2.0,180.0
1710850919.9050932,2.0,180.0
1710850919.914242,2.0,180.0
1710850919.938299,2.0,180.0
1710850919.947901,2.0,180.0
1710850919.971905,2.0,180.0
1710850919.981506,2.0,180.0
1710850920.009998,2.0,180.0
1710850920.019179,2.0,180.0
1710850920.036715,2.0,180.0
1710850920.0546272,2.0,180.0
1710850920.0718029,2.0,180.0
1710850920.089346,2.0,180.0
1710850920.101452,2.0,180.0
1710850920.121106,2.0,180.0
1710850920.1308029,2.0,180.0
1710850920.154836,2.0,180.0
1710850920.164335,2.0,180.0
1710850920.18843,2.0,180.0
1710850920.1978822,2.0,180.0
1710850920.221604,2.0,180.0
1710850920.23547,2.0,180.0
1710850920.254754,2.0,180.0
1710850920.271258,2.0,180.0
1710850920.2808352,2.0,180.0
1710850920.3040771,2.0,180.0
1710850920.321781,2.0,180.0
1710850920.3326988,2.0,180.0
1710850920.354356,2.0,180.0
1710850920.3713431,2.0,180.0
1710850920.384983,2.0,180.0
1710850920.405458,2.0,180.0
1710850920.4195042,2.0,180.0
1710850920.43892,2.0,180.0
1710850920.449458,3.0,180.0
1710850920.471156,3.0,180.0
1710850920.4806762,3.0,180.0
1710850920.50443,3.0,180.0
1710850920.5216599,3.0,180.0
1710850920.53064,3.0,180.0
1710850920.554267,3.0,180.0
1710850920.571275,3.0,180.0
1710850920.5810618,3.0,180.0
1710850920.6043,3.0,180.0
1710850920.615478,3.0,180.0
1710850920.638741,3.0,180.0
1710850920.6532512,3.0,180.0
1710850920.670223,3.0,180.0
1710850920.686805,3.0,180.0
1710850920.703434,3.0,180.0
1710850920.720122,3.0,180.0
1710850920.736892,3.0,180.0
1710850920.75363,3.0,180.0
1710850920.770293,3.0,180.0
1710850920.787019,3.0,180.0
1710850920.804346,3.0,180.0
1710850920.821012,3.0,180.0
1710850920.835968,3.0,180.0
1710850920.854492,3.0,180.0
1710850920.871883,3.0,180.0
1710850920.885706,3.0,180.0
1710850920.904788,3.0,180.0
1710850920.9182,3.0,180.0
1710850920.93821,3.0,180.0
1710850920.9485781,3.0,180.0
1710850920.9719622,3.0,180.0
1710850920.9808261,3.0,180.0
1710850921.004621,3.0,180.0
1710850921.021312,3.0,180.0
1710850921.033053,3.0,180.0
1710850921.053327,3.0,180.0
1710850921.071488,3.0,180.0
1710850921.081961,3.0,180.0
1710850921.1048021,3.0,180.0
1710850921.1142101,3.0,180.0
1710850921.137832,3.0,180.0
1710850921.148905,3.0,180.0
1710850921.171274,3.0,180.0
1710850921.187945,3.0,180.0
1710850921.198189,3.0,180.0
1710850921.2200582,3.0,180.0
1710850921.236532,3.0,180.0
1710850921.253313,3.0,180.0
1710850921.270186,3.0,180.0
1710850921.28948,3.0,180.0
1710850921.303307,3.0,180.0
1710850921.323759,3.0,180.0
1710850921.336996,3.0,180.0
1710850921.356572,3.0,180.0
1710850921.364985,3.0,180.0
1710850921.388622,3.0,180.0
1710850921.40445,3.0,180.0
1710850921.421061,3.0,180.0
1710850921.432271,3.0,180.0
1710850921.454655,3.0,180.0
1710850921.465096,3.0,180.0
1710850921.488645,3.0,180.0
1710850921.5027268,3.0,180.0
1710850921.520971,3.0,180.0
1710850921.530853,3.0,180.0
1710850921.554425,3.0,180.0
1710850921.5710442,3.0,180.0
1710850921.588373,3.0,180.0
1710850921.598627,3.0,180.0
1710850921.620996,3.0,180.0
1710850921.630453,3.0,180.0
1710850921.654557,3.0,180.0
1710850921.6708622,3.0,180.0
1710850921.6876879,3.0,180.0
1710850921.7037141,3.0,180.0
1710850921.72109,3.0,180.0
1710850921.731668,3.0,180.0
1710850921.754315,3.0,180.0
1710850921.764087,3.0,180.0
1710850921.7879949,3.0,180.0
1710850921.797493,3.0,180.0
1710850921.82186,3.0,180.0
1710850921.834347,3.0,180.0
1710850921.854474,3.0,180.0
1710850921.864025,3.0,180.0
1710850921.888032,3.0,180.0
1710850921.901383,3.0,180.0
1710850921.921859,3.0,180.0
1710850921.9312189,3.0,180.0
1710850921.954435,3.0,180.0
1710850921.963854,3.0,180.0
1710850921.988142,3.0,180.0
1710850921.997691,3.0,180.0
1710850922.0217059,3.0,180.0
1710850922.0321448,3.0,180.0
1710850922.054645,3.0,180.0
1710850922.068223,3.0,180.0
1710850922.087965,3.0,180.0
1710850922.098063,3.0,180.0
1710850922.121623,3.0,180.0
1710850922.138124,3.0,180.0
1710850922.1476228,3.0,180.0
1710850922.1715572,3.0,180.0
1710850922.181271,3.0,180.0
1710850922.204751,3.0,180.0
1710850922.217964,3.0,180.0
1710850922.238064,3.0,180.0
1710850922.255025,3.0,180.0
1710850922.2662442,3.0,180.0
1710850922.2881548,3.0,180.0
1710850922.302096,3.0,180.0
1710850922.321461,3.0,180.0
1710850922.330775,3.0,180.0
1710850922.3547258,3.0,180.0
1710850922.364265,3.0,180.0
1710850922.387827,3.0,180.0
1710850922.400459,3.0,180.0
1710850922.421154,3.0,180.0
1710850922.431154,3.0,180.0
1710850922.4544792,3.0,180.0
1710850922.464694,3.0,180.0
1710850922.487953,3.0,180.0
1710850922.498295,3.0,180.0
1710850922.5209558,3.0,180.0
1710850922.537937,3.0,180.0
1710850922.554386,3.0,180.0
1710850922.565253,3.0,180.0
1710850922.587827,3.0,180.0
1710850922.597588,3.0,180.0
1710850922.62104,3.0,180.0
1710850922.631327,3.0,180.0
1710850922.6543622,3.0,180.0
1710850922.664402,3.0,180.0
1710850922.688707,3.0,180.0
1710850922.698733,3.0,180.0
1710850922.720215,3.0,180.0
1710850922.73685,3.0,180.0
1710850922.753665,3.0,180.0
1710850922.7707462,3.0,180.0
1710850922.786736,3.0,180.0
1710850922.8035011,3.0,180.0
1710850922.8201401,3.0,180.0
1710850922.83686,3.0,180.0
1710850922.853802,3.0,180.0
1710850922.87094,3.0,180.0
1710850922.887139,3.0,180.0
1710850922.903244,3.0,180.0
1710850922.9209821,3.0,180.0
1710850922.9377532,3.0,180.0
1710850922.954792,3.0,180.0
1710850922.968168,3.0,180.0
1710850922.9887471,3.0,180.0
1710850922.999122,3.0,180.0
1710850923.0211751,3.0,180.0
1710850923.031581,3.0,180.0
1710850923.054591,3.0,180.0
1710850923.06807,3.0,180.0
1710850923.087975,3.0,180.0
1710850923.097755,3.0,180.0
1710850923.121643,3.0,180.0
1710850923.132895,3.0,180.0
1710850923.154405,3.0,180.0
1710850923.1651719,3.0,180.0
1710850923.187479,3.0,180.0
1710850923.203865,3.0,180.0
1710850923.221432,3.0,180.0
1710850923.2357671,3.0,180.0
1710850923.2545369,3.0,180.0
1710850923.2656572,3.0,180.0
1710850923.287919,3.0,180.0
1710850923.29756,3.0,180.0
1710850923.3216372,3.0,180.0
1710850923.331274,3.0,180.0
1710850923.354332,3.0,180.0
1710850923.371231,3.0,180.0
1710850923.3814259,3.0,180.0
1710850923.404703,3.0,180.0
1710850923.414628,3.0,180.0
1710850923.4384031,3.0,180.0
1710850923.451523,3.0,180.0
1710850923.470665,3.0,180.0
1710850923.487913,3.0,180.0
1710850923.498322,3.0,180.0
1710850923.521086,3.0,180.0
1710850923.538095,3.0,180.0
1710850923.552533,3.0,180.0
1710850923.571274,3.0,180.0
1710850923.581841,3.0,180.0
1710850923.604508,3.0,180.0
1710850923.621494,3.0,180.0
1710850923.635374,3.0,180.0
1710850923.655802,3.0,180.0
1710850923.663664,3.0,180.0
1710850923.686961,3.0,180.0
1710850923.703428,3.0,180.0
1710850923.720305,3.0,180.0
1710850923.736913,3.0,180.0
1710850923.753979,3.0,180.0
1710850923.7705338,3.0,180.0
1710850923.7875211,3.0,180.0
1710850923.804827,3.0,180.0
1710850923.818789,3.0,180.0
1710850923.837733,3.0,180.0
1710850923.855208,3.0,180.0
1710850923.8698082,3.0,180.0
1710850923.888512,3.0,180.0
1710850923.8987699,3.0,180.0
1710850923.9210792,3.0,180.0
1710850923.938088,3.0,180.0
1710850923.951446,3.0,180.0
1710850923.971802,3.0,180.0
1710850923.985834,3.0,180.0
1710850924.005332,3.0,180.0
1710850924.017094,3.0,180.0
1710850924.038149,3.0,180.0
1710850924.051869,3.0,180.0
1710850924.071647,3.0,180.0
1710850924.081682,3.0,180.0
1710850924.1045241,3.0,180.0
1710850924.1139169,3.0,180.0
1710850924.137619,3.0,180.0
1710850924.147365,3.0,180.0
1710850924.171221,3.0,180.0
1710850924.182583,3.0,180.0
1710850924.204674,3.0,180.0
1710850924.22119,3.0,180.0
1710850924.235069,3.0,180.0
1710850924.254684,3.0,180.0
1710850924.264284,3.0,180.0
1710850924.288127,3.0,180.0
1710850924.30496,3.0,180.0
1710850924.314344,3.0,180.0
1710850924.337975,3.0,180.0
1710850924.347175,3.0,180.0
1710850924.371221,3.0,180.0
1710850924.381375,3.0,180.0
1710850924.404955,3.0,180.0
1710850924.419178,3.0,180.0
1710850924.437719,3.0,180.0
1710850924.4543302,3.0,180.0
1710850924.464101,3.0,180.0
1710850924.4878201,3.0,180.0
1710850924.504894,4.0,180.0
1710850924.5213928,4.0,180.0
1710850924.5377128,4.0,180.0
1710850924.554024,4.0,180.0
1710850924.571367,4.0,180.0
1710850924.588264,4.0,180.0
1710850924.597506,4.0,180.0
1710850924.6213892,4.0,180.0
1710850924.637631,4.0,180.0
1710850924.6543481,4.0,180.0
1710850924.671048,4.0,180.0
1710850924.6880581,4.0,180.0
1710850924.70491,4.0,180.0
1710850924.721665,4.0,180.0
1710850924.738281,4.0,180.0
1710850924.754401,4.0,180.0
1710850924.772043,4.0,180.0
1710850924.788241,4.0,180.0
1710850924.8035011,4.0,180.0
1710850924.820137,4.0,180.0
1710850924.836916,4.0,180.0
1710850924.853545,4.0,180.0
1710850924.870181,4.0,180.0
1710850924.886783,4.0,180.0
1710850924.9037282,4.0,180.0
1710850924.9203799,4.0,180.0
1710850924.937228,4.0,180.0
1710850924.9545212,4.0,180.0
1710850924.971494,4.0,180.0
1710850924.987755,4.0,180.0
1710850925.004683,4.0,180.0
1710850925.021444,4.0,180.0
1710850925.03767,4.0,180.0
1710850925.0552378,4.0,180.0
1710850925.07114,4.0,180.0
1710850925.087638,4.0,180.0
1710850925.1047602,4.0,180.0
1710850925.122005,4.0,180.0
1710850925.131077,4.0,180.0
1710850925.154312,4.0,180.0
1710850925.171561,4.0,180.0
1710850925.187423,4.0,180.0
1710850925.204261,4.0,180.0
1710850925.221238,4.0,180.0
1710850925.237797,4.0,180.0
1710850925.25443,4.0,180.0
1710850925.271439,4.0,180.0
1710850925.2879748,4.0,180.0
1710850925.303968,4.0,180.0
1710850925.321114,4.0,180.0
1710850925.33803,4.0,180.0
1710850925.354239,4.0,180.0
1710850925.3715641,4.0,180.0
1710850925.388303,4.0,180.0
1710850925.404454,4.0,180.0
1710850925.42123,4.0,180.0
1710850925.4377759,4.0,180.0
1710850925.454346,4.0,180.0
1710850925.471358,4.0,180.0
1710850925.488318,4.0,180.0
1710850925.505457,4.0,180.0
1710850925.51458,4.0,180.0
1710850925.538112,4.0,180.0
1710850925.5546482,4.0,180.0
1710850925.570933,4.0,180.0
1710850925.588011,4.0,180.0
1710850925.604373,4.0,180.0
1710850925.621095,4.0,180.0
1710850925.637612,4.0,180.0
1710850925.6547751,4.0,180.0
1710850925.6712341,4.0,180.0
1710850925.6886468,4.0,180.0
1710850925.705289,4.0,180.0
1710850925.714484,4.0,180.0
1710850925.738386,4.0,180.0
1710850925.747612,4.0,180.0
1710850925.771811,4.0,180.0
1710850925.78175,4.0,180.0
1710850925.805349,4.0,180.0
1710850925.821267,4.0,180.0
1710850925.8378081,4.0,180.0
1710850925.8543842,4.0,180.0
1710850925.87131,4.0,180.0
1710850925.8879411,4.0,180.0
1710850925.905289,4.0,180.0
1710850925.921515,4.0,180.0
1710850925.938069,4.0,180.0
1710850925.954464,4.0,180.0
1710850925.971552,4.0,180.0
1710850925.9881,4.0,180.0
1710850926.004446,4.0,180.0
1710850926.014669,4.0,180.0
1710850926.038374,4.0,180.0
1710850926.048321,4.0,180.0
1710850926.0712461,4.0,180.0
1710850926.0876422,4.0,180.0
1710850926.104692,4.0,180.0
1710850926.121623,4.0,180.0
1710850926.138186,4.0,180.0
1710850926.1478379,4.0,180.0
1710850926.171178,4.0,180.0
1710850926.1878211,4.0,180.0
1710850926.204503,4.0,180.0
1710850926.2215838,4.0,180.0
1710850926.238015,4.0,180.0
1710850926.254592,4.0,180.0
1710850926.270823,4.0,180.0
1710850926.287633,4.0,180.0
1710850926.3047922,4.0,180.0
1710850926.320837,4.0,180.0
1710850926.3377311,4.0,180.0
1710850926.3544588,4.0,180.0
1710850926.3710852,4.0,180.0
1710850926.3810198,4.0,180.0
1710850926.404693,4.0,180.0
1710850926.42124,4.0,180.0
1710850926.438339,4.0,180.0
1710850926.4544451,4.0,180.0
1710850926.4713101,4.0,180.0
1710850926.487846,4.0,180.0
1710850926.504638,4.0,180.0
1710850926.5213199,4.0,180.0
1710850926.5380108,4.0,180.0
1710850926.548351,4.0,180.0
1710850926.571873,4.0,180.0
1710850926.581418,4.0,180.0
1710850926.6043782,4.0,180.0
1710850926.621216,4.0,180.0
1710850926.637641,4.0,180.0
1710850926.654767,4.0,180.0
1710850926.671437,4.0,180.0
1710850926.687367,4.0,180.0
1710850926.7044249,4.0,180.0
1710850926.720722,4.0,180.0
1710850926.738128,4.0,180.0
1710850926.75443,4.0,180.0
1710850926.771584,4.0,180.0
1710850926.788346,4.0,180.0
1710850926.79794,4.0,180.0
1710850926.821472,4.0,180.0
1710850926.8381681,4.0,180.0
1710850926.855457,4.0,180.0
1710850926.870077,4.0,180.0
1710850926.886961,4.0,180.0
1710850926.90382,4.0,180.0
1710850926.91996,4.0,180.0
1710850926.936745,4.0,180.0
1710850926.953449,4.0,180.0
1710850926.970488,4.0,180.0
1710850926.9875789,4.0,180.0
1710850927.003871,4.0,180.0
1710850927.0211399,4.0,180.0
1710850927.037436,4.0,180.0
1710850927.054271,4.0,180.0
1710850927.071397,4.0,180.0
1710850927.087949,4.0,180.0
1710850927.105079,4.0,180.0
1710850927.1217248,4.0,180.0
1710850927.132533,4.0,180.0
1710850927.1542962,4.0,180.0
1710850927.171138,4.0,180.0
1710850927.188192,4.0,180.0
1710850927.204839,4.0,180.0
1710850927.2215302,4.0,180.0
1710850927.237976,4.0,180.0
1710850927.254304,4.0,180.0
1710850927.2708879,4.0,180.0
1710850927.288312,4.0,180.0
1710850927.297936,4.0,180.0
1710850927.32159,4.0,180.0
1710850927.332049,4.0,180.0
1710850927.354402,4.0,180.0
1710850927.371456,4.0,180.0
1710850927.3879309,4.0,180.0
1710850927.4042938,4.0,180.0
1710850927.4215622,4.0,180.0
1710850927.4225228,86.0,86.0
